"‚Ññ","–ü–µ—Ä–µ—á–µ–Ω—å —Å—Ç—Ä–∞–Ω","–†–µ–∂–∏–º –≤—ä–µ–∑–¥–∞ —Å –¥–∏–ø–ª–æ–º–∞—Ç–∏—á–µ—Å–∫–∏–º –ø–∞—Å–ø–æ—Ä—Ç–æ–º","–†–µ–∂–∏–º –≤—ä–µ–∑–¥–∞ —Å–æ —Å–ª—É–∂–µ–±–Ω—ã–º –ø–∞—Å–ø–æ—Ä—Ç–æ–º","–†–µ–∂–∏–º –≤—ä–µ–∑–¥–∞ —Å –æ–±—â–µ–≥—Ä–∞–∂–¥–∞–Ω—Å–∫–∏–º –ø–∞—Å–ø–æ—Ä—Ç–æ–º"
1,"–ê–±—Ö–∞–∑–∏—è","–ë–µ–∑–≤–∏–∑–æ–≤—ã–π (–¥–æ 90 –¥–Ω–µ–π)","–ë–µ–∑–≤–∏–∑–æ–≤—ã–π (–¥–æ 90 –¥–Ω–µ–π)","–ë–µ–∑–≤–∏–∑–æ–≤—ã–π (–¥–æ 90 –¥–Ω–µ–π)"
2,"–ê–≤—Å—Ç—Ä–∞–ª–∏—è","–í–∏–∑–æ–≤—ã–π","–í–∏–∑–æ–≤—ã–π","–í–∏–∑–æ–≤—ã–π"
3,"–ê–≤—Å—Ç—Ä–∏—è","–ë–µ–∑–≤–∏–∑–æ–≤—ã–π (–¥–æ 90 –¥–Ω–µ–π –≤ —Ç–µ—á–µ–Ω–∏–µ 180 –¥–Ω–µ–π)","–í–∏–∑–æ–≤—ã–π","–í–∏–∑–æ–≤—ã–π"
4,"–ê–∑–µ—Ä–±–∞–π–¥–∂–∞–Ω","–ë–µ–∑–≤–∏–∑–æ–≤—ã–π","–ë–µ–∑–≤–∏–∑–æ–≤—ã–π","–ë–µ–∑–≤–∏–∑–æ–≤—ã–π"
5,"–ê–ª–±–∞–Ω–∏—è","–ë–µ–∑–≤–∏–∑–æ–≤—ã–π (–¥–æ 90 –¥–Ω–µ–π)","–ë–µ–∑–≤–∏–∑–æ–≤—ã–π (–¥–æ 90 –¥–Ω–µ–π)","–í–∏–∑–æ–≤—ã–π"
6,"–ê–ª–∂–∏—Ä","–í–∏–∑–æ–≤—ã–π","–í–∏–∑–æ–≤—ã–π","–í–∏–∑–æ–≤—ã–π"
7,"–ê–Ω–≥–æ–ª–∞","–ë–µ–∑–≤–∏–∑–æ–≤—ã–π (–¥–æ 90 –¥–Ω–µ–π)","–ë–µ–∑–≤–∏–∑–æ–≤—ã–π (–¥–æ 90 –¥–Ω–µ–π)","–í–∏–∑–æ–≤—ã–π"
8,"–ê–Ω–¥–æ—Ä—Ä–∞","–í–∏–∑–æ–≤—ã–π","–í–∏–∑–æ–≤—ã–π","–í–∏–∑–æ–≤—ã–π"
9,"–ê–Ω—Ç–∏–≥—É–∞ –∏ –ë–∞—Ä–±—É–¥–∞","–ë–µ–∑–≤–∏–∑–æ–≤—ã–π (–¥–æ 30 –¥–Ω–µ–π)","–ë–µ–∑–≤–∏–∑–æ–≤—ã–π (–¥–æ 30 –¥–Ω–µ–π)","–ë–µ–∑–≤–∏–∑–æ–≤—ã–π (–¥–æ 30 –¥–Ω–µ–π)"
10,"–ê—Ä–≥–µ–Ω—Ç–∏–Ω–∞","–ë–µ–∑–≤–∏–∑–æ–≤—ã–π (–¥–æ 3-—Ö –º–µ—Å—è—Ü–µ–≤ —Å –ø—Ä–∞–≤–æ–º –º–Ω–æ–≥–æ–∫—Ä–∞—Ç–Ω–æ–≥–æ –≤—ä–µ–∑–¥–∞ –∏ –≤—ã–µ–∑–¥–∞)","–ë–µ–∑–≤–∏–∑–æ–≤—ã–π (–¥–æ 3-—Ö –º–µ—Å—è—Ü–µ–≤ —Å –ø—Ä–∞–≤–æ–º –º–Ω–æ–≥–æ–∫—Ä–∞—Ç–Ω–æ–≥–æ –≤—ä–µ–∑–¥–∞ –∏ –≤—ã–µ–∑–¥–∞)","–ë–µ–∑–≤–∏–∑–æ–≤—ã–π (–¥–æ 90 –¥–Ω–µ–π –≤ —Ç–µ—á–µ–Ω–∏–µ 180 –¥–Ω–µ–π)"
11,"–ê—Ä–º–µ–Ω–∏—è","–ë–µ–∑–≤–∏–∑–æ–≤—ã–π","–ë–µ–∑–≤–∏–∑–æ–≤—ã–π","–ë–µ–∑–≤–∏–∑–æ–≤—ã–π"
12,"–ê—Ñ–≥–∞–Ω–∏—Å—Ç–∞–Ω","–í–∏–∑–æ–≤—ã–π","–í–∏–∑–æ–≤—ã–π","–í–∏–∑–æ–≤—ã–π"
13,"–ë–∞–≥–∞–º—Å–∫–∏–µ –û—Å—Ç—Ä–æ–≤–∞","–ë–µ–∑–≤–∏–∑–æ–≤—ã–π (–¥–æ 90 –¥–Ω–µ–π)","–ë–µ–∑–≤–∏–∑–æ–≤—ã–π (–¥–æ 90 –¥–Ω–µ–π)","–ë–µ–∑–≤–∏–∑–æ–≤—ã–π (–¥–æ 90 –¥–Ω–µ–π)"
14,"–ë–∞–Ω–≥–ª–∞–¥–µ—à","–ë–µ–∑–≤–∏–∑–æ–≤—ã–π (–¥–æ 30 –¥–Ω–µ–π)","–ë–µ–∑–≤–∏–∑–æ–≤—ã–π (–¥–æ 30 –¥–Ω–µ–π)","–í–∏–∑–æ–≤—ã–π"
15,"–ë–∞—Ä–±–∞–¥–æ—Å","–ë–µ–∑–≤–∏–∑–æ–≤—ã–π","–ë–µ–∑–≤–∏–∑–æ–≤—ã–π","–ë–µ–∑–≤–∏–∑–æ–≤—ã–π"
16,"–ë–∞—Ö—Ä–µ–π–Ω","–ë–µ–∑–≤–∏–∑–æ–≤—ã–π (–¥–æ 90 –¥–Ω–µ–π –≤ —Ç–µ—á–µ–Ω–∏–µ 180 –¥–Ω–µ–π)","–ë–µ–∑–≤–∏–∑–æ–≤—ã–π (–¥–æ 90 –¥–Ω–µ–π –≤ —Ç–µ—á–µ–Ω–∏–µ 180 –¥–Ω–µ–π)","–í–∏–∑–æ–≤—ã–π"
17,"–ë–µ–ª–∏–∑","–í–∏–∑–æ–≤—ã–π","–í–∏–∑–æ–≤—ã–π","–í–∏–∑–æ–≤—ã–π"
18,"–ë–µ–ª–æ—Ä—É—Å—Å–∏—è","–ë–µ–∑–≤–∏–∑–æ–≤—ã–π","–ë–µ–∑–≤–∏–∑–æ–≤—ã–π","–ë–µ–∑–≤–∏–∑–æ–≤—ã–π"
19,"–ë–µ–ª—å–≥–∏—è","–ë–µ–∑–≤–∏–∑–æ–≤—ã–π (–¥–æ 90 –¥–Ω–µ–π –≤ —Ç–µ—á–µ–Ω–∏–∏ 180 –¥–Ω–µ–π)","–í–∏–∑–æ–≤—ã–π","–í–∏–∑–æ–≤—ã–π"
20,"–ë–µ–Ω–∏–Ω","–ë–µ–∑–≤–∏–∑–æ–≤—ã–π (–¥–æ 90 –¥–Ω–µ–π)","–ë–µ–∑–≤–∏–∑–æ–≤—ã–π (–¥–æ 90 –¥–Ω–µ–π)","–í–∏–∑–æ–≤—ã–π"
21,"–ë–æ–ª–≥–∞—Ä–∏—è","–ë–µ–∑–≤–∏–∑–æ–≤—ã–π (–¥–æ 90 –¥–Ω–µ–π –≤ —Ç–µ—á–µ–Ω–∏–µ 180 –¥–Ω–µ–π)","–ë–µ–∑–≤–∏–∑–æ–≤—ã–π (–¥–æ 90 –¥–Ω–µ–π –≤ —Ç–µ—á–µ–Ω–∏–µ 180 –¥–Ω–µ–π)","–í–∏–∑–æ–≤—ã–π"
22,"–ë–æ–ª–∏–≤–∏—è","–ë–µ–∑–≤–∏–∑–æ–≤—ã–π (–¥–æ 3-—Ö –º–µ—Å—è—Ü–µ–≤ —Å –ø—Ä–∞–≤–æ–º –º–Ω–æ–≥–æ–∫—Ä–∞—Ç–Ω–æ–≥–æ –≤—ä–µ–∑–¥–∞ –∏ –≤—ã–µ–∑–¥–∞)","–ë–µ–∑–≤–∏–∑–æ–≤—ã–π (–¥–æ 3-—Ö –º–µ—Å—è—Ü–µ–≤ —Å –ø—Ä–∞–≤–æ–º –º–Ω–æ–≥–æ–∫—Ä–∞—Ç–Ω–æ–≥–æ –≤—ä–µ–∑–¥–∞ –∏ –≤—ã–µ–∑–¥–∞)","–ë–µ–∑–≤–∏–∑–æ–≤—ã–π (–Ω–µ –±–æ–ª–µ–µ 90 –¥–Ω–µ–π –≤ —Ç–µ—á–µ–Ω–∏–µ 180 –¥–Ω–µ–π)"
23,"–ë–æ—Å–Ω–∏—è –∏ –ì–µ—Ä—Ü–µ–≥–æ–≤–∏–Ω–∞","–ë–µ–∑–≤–∏–∑–æ–≤—ã–π (–¥–æ 90 –¥–Ω–µ–π)","–ë–µ–∑–≤–∏–∑–æ–≤—ã–π (–¥–æ 90 –¥–Ω–µ–π)","–ë–µ–∑–≤–∏–∑–æ–≤—ã–π (–¥–æ 30 –¥–Ω–µ–π –≤ —Ç–µ—á–µ–Ω–∏–∏ 60 –¥–Ω–µ–π)"
24,"–ë–æ—Ç—Å–≤–∞–Ω–∞","–ë–µ–∑–≤–∏–∑–æ–≤—ã–π (–¥–æ 90 –¥–Ω–µ–π)","–ë–µ–∑–≤–∏–∑–æ–≤—ã–π (–¥–æ 90 –¥–Ω–µ–π)","–ë–µ–∑–≤–∏–∑–æ–≤—ã–π (–¥–æ 30 –¥–Ω–µ–π)"
25,"–ë—Ä–∞–∑–∏–ª–∏—è","–ë–µ–∑–≤–∏–∑–æ–≤—ã–π (–¥–æ 90 –¥–Ω–µ–π)","–ë–µ–∑–≤–∏–∑–æ–≤—ã–π (–¥–æ 90 –¥–Ω–µ–π)","–ë–µ–∑–≤–∏–∑–æ–≤—ã–π (–¥–æ 90 –¥–Ω–µ–π)"
26,"–ë—Ä—É–Ω–µ–π-–î–∞—Ä—É—Å—Å–∞–ª–∞–º","–ë–µ–∑–≤–∏–∑–æ–≤—ã–π (–¥–æ 14 –¥–Ω–µ–π)","–ë–µ–∑–≤–∏–∑–æ–≤—ã–π (–¥–æ 14 –¥–Ω–µ–π)","–ë–µ–∑–≤–∏–∑–æ–≤—ã–π (–¥–æ 14 –¥–Ω–µ–π)"
27,"–ë—É—Ä–∫–∏–Ω–∞ –§–∞—Å–æ","–ë–µ–∑–≤–∏–∑–æ–≤—ã–π (–¥–æ 90 –¥–Ω–µ–π)","–ë–µ–∑–≤–∏–∑–æ–≤—ã–π (–¥–æ 90 –¥–Ω–µ–π)","–í–∏–∑–æ–≤—ã–π"
28,"–ë—É—Ä—É–Ω–¥–∏","–í–∏–∑–æ–≤—ã–π","–í–∏–∑–æ–≤—ã–π","–í–∏–∑–æ–≤—ã–π"
29,"–ë—É—Ç–∞–Ω","–í–∏–∑–æ–≤—ã–π","–í–∏–∑–æ–≤—ã–π","–í–∏–∑–æ–≤—ã–π"
30,"–í–∞–Ω—É–∞—Ç—É","–ë–µ–∑–≤–∏–∑–æ–≤—ã–π (–¥–æ 90 –¥–Ω–µ–π)","–ë–µ–∑–≤–∏–∑–æ–≤—ã–π (–¥–æ 90 –¥–Ω–µ–π)","–ë–µ–∑–≤–∏–∑–æ–≤—ã–π (–¥–æ 90 –¥–Ω–µ–π)"
31,"–í–∞—Ç–∏–∫–∞–Ω","–ë–µ–∑–≤–∏–∑–æ–≤—ã–π (–¥–æ 90 –¥–Ω–µ–π)","–í–∏–∑–æ–≤—ã–π","–í–∏–∑–æ–≤—ã–π"
32,"–í–µ–ª–∏–∫–æ–±—Ä–∏—Ç–∞–Ω–∏—è","–í–∏–∑–æ–≤—ã–π","–í–∏–∑–æ–≤—ã–π","–í–∏–∑–æ–≤—ã–π"
33,"–í–µ–Ω–≥—Ä–∏—è","–ë–µ–∑–≤–∏–∑–æ–≤—ã–π (–¥–æ 90 –¥–Ω–µ–π –≤ —Ç–µ—á–µ–Ω–∏–µ 180 –¥–Ω–µ–π)","–ë–µ–∑–≤–∏–∑–æ–≤—ã–π (–¥–æ 90 –¥–Ω–µ–π –≤ —Ç–µ—á–µ–Ω–∏–µ 180 –¥–Ω–µ–π)","–í–∏–∑–æ–≤—ã–π"
34,"–í–µ–Ω–µ—Å—É—ç–ª–∞","–ë–µ–∑–≤–∏–∑–æ–≤—ã–π (–¥–æ 90 –¥–Ω–µ–π –≤ —Ç–µ—á–µ–Ω–∏–µ 180 –¥–Ω–µ–π)","–ë–µ–∑–≤–∏–∑–æ–≤—ã–π (–¥–æ 90 –¥–Ω–µ–π –≤ —Ç–µ—á–µ–Ω–∏–µ 180 –¥–Ω–µ–π)","–ë–µ–∑–≤–∏–∑–æ–≤—ã–π (–¥–æ 90 –¥–Ω–µ–π –≤ —Ç–µ—á–µ–Ω–∏–µ 180 –¥–Ω–µ–π)"
35,"–í–æ—Å—Ç–æ—á–Ω—ã–π –¢–∏–º–æ—Ä","–í–∏–∑–æ–≤—ã–π","–í–∏–∑–æ–≤—ã–π","–í–∏–∑–æ–≤—ã–π"
36,"–í—å–µ—Ç–Ω–∞–º","–ë–µ–∑–≤–∏–∑–æ–≤—ã–π (–¥–æ 90 –¥–Ω–µ–π)","–ë–µ–∑–≤–∏–∑–æ–≤—ã–π (–¥–æ 90 –¥–Ω–µ–π)","–ë–µ–∑–≤–∏–∑–æ–≤—ã–π (–¥–æ 15 –¥–Ω–µ–π)"
37,"–ì–∞–±–æ–Ω","–ë–µ–∑–≤–∏–∑–æ–≤—ã–π (–¥–æ 90 –¥–Ω–µ–π)","–ë–µ–∑–≤–∏–∑–æ–≤—ã–π (–¥–æ 90 –¥–Ω–µ–π)","–í–∏–∑–æ–≤—ã–π"
38,"–ì–∞–∏—Ç–∏","–ë–µ–∑–≤–∏–∑–æ–≤—ã–π","–ë–µ–∑–≤–∏–∑–æ–≤—ã–π","–í–∏–∑–æ–≤—ã–π"
39,"–ì–∞–π–∞–Ω–∞","–ë–µ–∑–≤–∏–∑–æ–≤—ã–π (–¥–æ 90 –¥–Ω–µ–π –≤ —Ç–µ—á–µ–Ω–∏–µ 180 –¥–Ω–µ–π)","–ë–µ–∑–≤–∏–∑–æ–≤—ã–π (–¥–æ 90 –¥–Ω–µ–π –≤ —Ç–µ—á–µ–Ω–∏–µ 180 –¥–Ω–µ–π)","–ë–µ–∑–≤–∏–∑–æ–≤—ã–π (–¥–æ 90 –¥–Ω–µ–π –≤ —Ç–µ—á–µ–Ω–∏–µ 180 –¥–Ω–µ–π)"
40,"–ì–∞–º–±–∏—è","–í–∏–∑–æ–≤—ã–π","–í–∏–∑–æ–≤—ã–π","–í–∏–∑–æ–≤—ã–π"
41,"–ì–∞–Ω–∞","–í–∏–∑–æ–≤—ã–π","–í–∏–∑–æ–≤—ã–π","–í–∏–∑–æ–≤—ã–π"
42,"–ì–≤–∞—Ç–µ–º–∞–ª–∞","–ë–µ–∑–≤–∏–∑–æ–≤—ã–π (–¥–æ 90 –¥–Ω–µ–π –≤ —Ç–µ—á–µ–Ω–∏–µ 180 –¥–Ω–µ–π)","–ë–µ–∑–≤–∏–∑–æ–≤—ã–π (–¥–æ 90 –¥–Ω–µ–π –≤ —Ç–µ—á–µ–Ω–∏–µ 180 –¥–Ω–µ–π)","–ë–µ–∑–≤–∏–∑–æ–≤—ã–π (–¥–æ 90 –¥–Ω–µ–π –≤ —Ç–µ—á–µ–Ω–∏–µ 180 –¥–Ω–µ–π)"
43,"–ì–≤–∏–Ω–µ—è","–ë–µ–∑–≤–∏–∑–æ–≤—ã–π (–¥–æ 90 –¥–Ω–µ–π)","–ë–µ–∑–≤–∏–∑–æ–≤—ã–π (–¥–æ 90 –¥–Ω–µ–π)","–í–∏–∑–æ–≤—ã–π"
44,"–ì–≤–∏–Ω–µ—è-–ë–∏—Å–∞—É","–í–∏–∑–æ–≤—ã–π","–í–∏–∑–æ–≤—ã–π","–í–∏–∑–æ–≤—ã–π"
45,"–ì–µ—Ä–º–∞–Ω–∏—è","–ë–µ–∑–≤–∏–∑–æ–≤—ã–π (–¥–æ 90 –¥–Ω–µ–π –≤ —Ç–µ—á–µ–Ω–∏–µ 180 –¥–Ω–µ–π)","–í–∏–∑–æ–≤—ã–π","–í–∏–∑–æ–≤—ã–π"
46,"–ì–æ–Ω–¥—É—Ä–∞—Å","–ë–µ–∑–≤–∏–∑–æ–≤—ã–π (–¥–æ 90 –¥–Ω–µ–π –≤ —Ç–µ—á–µ–Ω–∏–µ 180 –¥–Ω–µ–π)","–ë–µ–∑–≤–∏–∑–æ–≤—ã–π (–¥–æ 90 –¥–Ω–µ–π –≤ —Ç–µ—á–µ–Ω–∏–µ 180 –¥–Ω–µ–π)","–ë–µ–∑–≤–∏–∑–æ–≤—ã–π (–¥–æ 90 –¥–Ω–µ–π –≤ —Ç–µ—á–µ–Ω–∏–µ 180 –¥–Ω–µ–π)"
47,"–ì—Ä–µ–Ω–∞–¥–∞","–ë–µ–∑–≤–∏–∑–æ–≤—ã–π (–¥–æ 90 –¥–Ω–µ–π –≤ —Ç–µ—á–µ–Ω–∏–µ 180 –¥–Ω–µ–π)","–ë–µ–∑–≤–∏–∑–æ–≤—ã–π (–¥–æ 90 –¥–Ω–µ–π –≤ —Ç–µ—á–µ–Ω–∏–µ 180 –¥–Ω–µ–π)","–ë–µ–∑–≤–∏–∑–æ–≤—ã–π (–¥–æ 90 –¥–Ω–µ–π –≤ —Ç–µ—á–µ–Ω–∏–µ 180 –¥–Ω–µ–π)"
48,"–ì—Ä–µ—Ü–∏—è","–ë–µ–∑–≤–∏–∑–æ–≤—ã–π (–¥–æ 90 –¥–Ω–µ–π –≤ —Ç–µ—á–µ–Ω–∏–µ 180 –¥–Ω–µ–π)","–í–∏–∑–æ–≤—ã–π","–í–∏–∑–æ–≤—ã–π"
49,"–ì—Ä—É–∑–∏—è","–ë–µ–∑–≤–∏–∑–æ–≤—ã–π (–≤ —Ç–µ—á–µ–Ω–∏–µ 1 –≥–æ–¥–∞)","–ë–µ–∑–≤–∏–∑–æ–≤—ã–π (–≤ —Ç–µ—á–µ–Ω–∏–µ 1 –≥–æ–¥–∞)","–ë–µ–∑–≤–∏–∑–æ–≤—ã–π (–≤ —Ç–µ—á–µ–Ω–∏–µ 1 –≥–æ–¥–∞)"
50,"–î–∞–Ω–∏—è","–ë–µ–∑–≤–∏–∑–æ–≤—ã–π (–¥–æ 90 –¥–Ω–µ–π –≤ —Ç–µ—á–µ–Ω–∏–µ 180 –¥–Ω–µ–π)","–í–∏–∑–æ–≤—ã–π","–í–∏–∑–æ–≤—ã–π"
51,"–î–µ–º–æ–∫—Ä–∞—Ç–∏—á–µ—Å–∫–∞—è –†–µ—Å–ø—É–±–ª–∏–∫–∞ –ö–æ–Ω–≥–æ","–í–∏–∑–æ–≤—ã–π","–í–∏–∑–æ–≤—ã–π","–í–∏–∑–æ–≤—ã–π"
52,"–î–∂–∏–±—É—Ç–∏","–í–∏–∑–æ–≤—ã–π","–í–∏–∑–æ–≤—ã–π","–í–∏–∑–æ–≤—ã–π"
53,"–î–æ–º–∏–Ω–∏–∫–∞ (–°–æ–¥—Ä—É–∂–µ—Å—Ç–≤–æ –î–æ–º–∏–Ω–∏–∫–∏)","–í–∏–∑–æ–≤—ã–π","–í–∏–∑–æ–≤—ã–π","–ë–µ–∑–≤–∏–∑–æ–≤—ã–π (–¥–æ 21 –¥–Ω—è)"
54,"–î–æ–º–∏–Ω–∏–∫–∞–Ω—Å–∫–∞—è –†–µ—Å–ø—É–±–ª–∏–∫–∞","–ë–µ–∑–≤–∏–∑–æ–≤—ã–π (–¥–æ 90 –¥–Ω–µ–π)","–ë–µ–∑–≤–∏–∑–æ–≤—ã–π (–¥–æ 90 –¥–Ω–µ–π)","–ë–µ–∑–≤–∏–∑–æ–≤—ã–π (–¥–æ 30 –¥–Ω–µ–π)"
55,"–ï–≥–∏–ø–µ—Ç","–ë–µ–∑–≤–∏–∑–æ–≤—ã–π (–¥–æ 90 –¥–Ω–µ–π)","–ë–µ–∑–≤–∏–∑–æ–≤—ã–π (–¥–æ 90 –¥–Ω–µ–π)","–í–∏–∑–æ–≤—ã–π"
56,"–ó–∞–º–±–∏—è","–í–∏–∑–æ–≤—ã–π","–í–∏–∑–æ–≤—ã–π","–í–∏–∑–æ–≤—ã–π "
57,"–ó–∏–º–±–∞–±–≤–µ","–ë–µ–∑–≤–∏–∑–æ–≤—ã–π","–ë–µ–∑–≤–∏–∑–æ–≤—ã–π","–í–∏–∑–æ–≤—ã–π "
58,"– –∑—Ä–∞–∏–ª—å","–í–∏–∑–æ–≤—ã–π","–í–∏–∑–æ–≤—ã–π","–ë–µ–∑–≤–∏–∑–æ–≤—ã–π (–¥–æ 90 –¥–Ω–µ–π –≤ —Ç–µ—á–µ–Ω–∏–µ 180 –¥–Ω–µ–π)"
59,"– –Ω–¥–∏—è","–ë–µ–∑–≤–∏–∑–æ–≤—ã–π (–¥–æ 90 –¥–Ω–µ–π)","–ë–µ–∑–≤–∏–∑–æ–≤—ã–π (–¥–æ 90 –¥–Ω–µ–π)","–í–∏–∑–æ–≤—ã–π"
60,"– –Ω–¥–æ–Ω–µ–∑–∏—è","–ë–µ–∑–≤–∏–∑–æ–≤—ã–π (–¥–æ 14 –¥–Ω–µ–π)","–ë–µ–∑–≤–∏–∑–æ–≤—ã–π (–¥–æ 14 –¥–Ω–µ–π)","–ë–µ–∑–≤–∏–∑–æ–≤—ã–π (–¥–æ 30 –¥–Ω–µ–π)"
61,"– –æ—Ä–¥–∞–Ω–∏—è","–ë–µ–∑–≤–∏–∑–æ–≤—ã–π (–¥–æ 90 –¥–Ω–µ–π –≤ —Ç–µ—á–µ–Ω–∏–µ 180 –¥–Ω–µ–π)","–ë–µ–∑–≤–∏–∑–æ–≤—ã–π (–¥–æ 90 –¥–Ω–µ–π –≤ —Ç–µ—á–µ–Ω–∏–µ 180 –¥–Ω–µ–π)","–í–∏–∑–æ–≤—ã–π "
62,"– —Ä–∞–∫","–í–∏–∑–æ–≤—ã–π","–í–∏–∑–æ–≤—ã–π","–í–∏–∑–æ–≤—ã–π"
63,"– —Ä–∞–Ω","–ë–µ–∑–≤–∏–∑–æ–≤—ã–π (–¥–æ 30 –¥–Ω–µ–π)","–ë–µ–∑–≤–∏–∑–æ–≤—ã–π (–¥–æ 30 –¥–Ω–µ–π)","–í–∏–∑–æ–≤—ã–π"
64,"– —Ä–ª–∞–Ω–¥–∏—è","–í–∏–∑–æ–≤—ã–π","–í–∏–∑–æ–≤—ã–π","–í–∏–∑–æ–≤—ã–π"
65,"– —Å–ª–∞–Ω–¥–∏—è","–ë–µ–∑–≤–∏–∑–æ–≤—ã–π (–¥–æ 90 –¥–Ω–µ–π –≤ —Ç–µ—á–µ–Ω–∏–µ 180 –¥–Ω–µ–π)","–í–∏–∑–æ–≤—ã–π","–í–∏–∑–æ–≤—ã–π"
66,"– —Å–ø–∞–Ω–∏—è","–ë–µ–∑–≤–∏–∑–æ–≤—ã–π (–¥–æ 90 –¥–Ω–µ–π –≤ —Ç–µ—á–µ–Ω–∏–µ 180 –¥–Ω–µ–π)","–í–∏–∑–æ–≤—ã–π","–í–∏–∑–æ–≤—ã–π"
67,"– —Ç–∞–ª–∏—è","–ë–µ–∑–≤–∏–∑–æ–≤—ã–π (–¥–æ 90 –¥–Ω–µ–π –≤ —Ç–µ—á–µ–Ω–∏–µ 180 –¥–Ω–µ–π)","–í–∏–∑–æ–≤—ã–π","–í–∏–∑–æ–≤—ã–π"
68,"–ô–µ–º–µ–Ω","–í–∏–∑–æ–≤—ã–π","–í–∏–∑–æ–≤—ã–π","–í–∏–∑–æ–≤—ã–π"
69,"–ö–∞–±–æ-–í–µ—Ä–¥–µ","–ë–µ–∑–≤–∏–∑–æ–≤—ã–π","–ë–µ–∑–≤–∏–∑–æ–≤—ã–π","–í–∏–∑–æ–≤—ã–π"
70,"–ö–∞–∑–∞—Ö—Å—Ç–∞–Ω","–ë–µ–∑–≤–∏–∑–æ–≤—ã–π","–ë–µ–∑–≤–∏–∑–æ–≤—ã–π","–ë–µ–∑–≤–∏–∑–æ–≤—ã–π"
71,"–ö–∞–º–±–æ–¥–∂–∞","–ë–µ–∑–≤–∏–∑–æ–≤—ã–π","–ë–µ–∑–≤–∏–∑–æ–≤—ã–π","–í–∏–∑–æ–≤—ã–π"
72,"–ö–∞–º–µ—Ä—É–Ω","–í–∏–∑–æ–≤—ã–π","–í–∏–∑–æ–≤—ã–π","–í–∏–∑–æ–≤—ã–π"
73,"–ö–∞–Ω–∞–¥–∞","–í–∏–∑–æ–≤—ã–π","–í–∏–∑–æ–≤—ã–π","–í–∏–∑–æ–≤—ã–π"
74,"–ö–∞—Ç–∞—Ä","–ë–µ–∑–≤–∏–∑–æ–≤—ã–π (–¥–æ 90 –¥–Ω–µ–π)","–í–∏–∑–æ–≤—ã–π","–í–∏–∑–æ–≤—ã–π"
75,"–ö–µ–Ω–∏—è","–í–∏–∑–æ–≤—ã–π","–í–∏–∑–æ–≤—ã–π","–í–∏–∑–æ–≤—ã–π"
76,"–ö–∏–ø—Ä","–ë–µ–∑–≤–∏–∑–æ–≤—ã–π (–¥–æ 90 –¥–Ω–µ–π –≤ —Ç–µ—á–µ–Ω–∏–µ 180 –¥–Ω–µ–π)","–ë–µ–∑–≤–∏–∑–æ–≤—ã–π (–¥–æ 90 –¥–Ω–µ–π –≤ —Ç–µ—á–µ–Ω–∏–µ 180 –¥–Ω–µ–π)","–í–∏–∑–æ–≤—ã–π"
77,"–ö–∏—Ä–≥–∏–∑–∏—è","–ë–µ–∑–≤–∏–∑–æ–≤—ã–π","–ë–µ–∑–≤–∏–∑–æ–≤—ã–π","–ë–µ–∑–≤–∏–∑–æ–≤—ã–π"
78,"–ö–∏—Ä–∏–±–∞—Ç–∏","–í–∏–∑–æ–≤—ã–π","–í–∏–∑–æ–≤—ã–π","–í–∏–∑–æ–≤—ã–π"
79,"–ö–∏—Ç–∞–π (–ö–ù–†)","–ë–µ–∑–≤–∏–∑–æ–≤—ã–π (–¥–æ 30 –¥–Ω–µ–π)","–ë–µ–∑–≤–∏–∑–æ–≤—ã–π (–¥–æ 30 –¥–Ω–µ–π)","–í–∏–∑–æ–≤—ã–π"
80,"–°–ø–µ—Ü–∏–∞–ª—å–Ω—ã–π –∞–¥–º–∏–Ω–∏—Å—Ç—Ä–∞—Ç–∏–≤–Ω—ã–π —Ä–∞–π–æ–Ω –ì–æ–Ω–∫–æ–Ω–≥ –ö–ù–†","–ë–µ–∑–≤–∏–∑–æ–≤—ã–π (–¥–æ 14 –¥–Ω–µ–π)","–ë–µ–∑–≤–∏–∑–æ–≤—ã–π (–¥–æ 14 –¥–Ω–µ–π)","–ë–µ–∑–≤–∏–∑–æ–≤—ã–π (–¥–æ 14 –¥–Ω–µ–π)"
81,"–°–ø–µ—Ü–∏–∞–ª—å–Ω—ã–π –∞–¥–º–∏–Ω–∏—Å—Ç—Ä–∞—Ç–∏–≤–Ω—ã–π —Ä–∞–π–æ–Ω –ú–∞–∫–∞–æ –ö–ù–†","–ë–µ–∑–≤–∏–∑–æ–≤—ã–π (–¥–æ 30 –¥–Ω–µ–π)","–ë–µ–∑–≤–∏–∑–æ–≤—ã–π (–¥–æ 30 –¥–Ω–µ–π)","–ë–µ–∑–≤–∏–∑–æ–≤—ã–π (–¥–æ 30 –¥–Ω–µ–π)"
82,"–ö–æ–ª—É–º–±–∏—è","–ë–µ–∑–≤–∏–∑–æ–≤—ã–π (–¥–æ 90 –¥–Ω–µ–π –≤ —Ç–µ—á–µ–Ω–∏–µ 180 –¥–Ω–µ–π)","–ë–µ–∑–≤–∏–∑–æ–≤—ã–π (–¥–æ 90 –¥–Ω–µ–π –≤ —Ç–µ—á–µ–Ω–∏–µ 180 –¥–Ω–µ–π)","–ë–µ–∑–≤–∏–∑–æ–≤—ã–π (–¥–æ 90 –¥–Ω–µ–π –≤ —Ç–µ—á–µ–Ω–∏–µ 180 –¥–Ω–µ–π)"
83,"–ö–æ–º–æ—Ä—Å–∫–∏–µ –û—Å—Ç—Ä–æ–≤–∞","–í–∏–∑–æ–≤—ã–π","–í–∏–∑–æ–≤—ã–π","–í–∏–∑–æ–≤—ã–π"
84,"–ö–æ–Ω–≥–æ","–ë–µ–∑–≤–∏–∑–æ–≤—ã–π (–¥–æ 90 –¥–Ω–µ–π)","–ë–µ–∑–≤–∏–∑–æ–≤—ã–π (–¥–æ 90 –¥–Ω–µ–π)","–í–∏–∑–æ–≤—ã–π"
85,"–ö–ù–î–†","–ë–µ–∑–≤–∏–∑–æ–≤—ã–π (–¥–æ 90 –¥–Ω–µ–π)","–ë–µ–∑–≤–∏–∑–æ–≤—ã–π (–¥–æ 90 –¥–Ω–µ–π)","–í–∏–∑–æ–≤—ã–π"
86,"–ö–æ—Ä–µ—è","–ë–µ–∑–≤–∏–∑–æ–≤—ã–π (–¥–æ 90 –¥–Ω–µ–π)","–ë–µ–∑–≤–∏–∑–æ–≤—ã–π (–¥–æ 90 –¥–Ω–µ–π)","–ë–µ–∑–≤–∏–∑–æ–≤—ã–π (–¥–æ 60 –¥–Ω–µ–π)"
87,"–ö–æ—Å—Ç–∞-–†–∏–∫–∞","–ë–µ–∑–≤–∏–∑–æ–≤—ã–π (–¥–æ 3 –º–µ—Å—è—Ü–µ–≤ —Å –ø—Ä–∞–≤–æ–º –º–Ω–æ–≥–æ–∫—Ä–∞—Ç–Ω–æ–≥–æ –≤—ä–µ–∑–¥–∞ –∏ –≤—ã–µ–∑–¥–∞)","–ë–µ–∑–≤–∏–∑–æ–≤—ã–π (–¥–æ 3 –º–µ—Å—è—Ü–µ–≤ —Å –ø—Ä–∞–≤–æ–º –º–Ω–æ–≥–æ–∫—Ä–∞—Ç–Ω–æ–≥–æ –≤—ä–µ–∑–¥–∞ –∏ –≤—ã–µ–∑–¥–∞)","–ë–µ–∑–≤–∏–∑–æ–≤—ã–π (–¥–æ 30 –¥–Ω–µ–π)"
88,"–ö–æ—Ç-–¥‚Äô– –≤—É–∞—Ä","–í–∏–∑–æ–≤—ã–π","–í–∏–∑–æ–≤—ã–π","–í–∏–∑–æ–≤—ã–π"
89,"–ö—É–±–∞","–ë–µ–∑–≤–∏–∑–æ–≤—ã–π (–¥–æ 30 –¥–Ω–µ–π)","–ë–µ–∑–≤–∏–∑–æ–≤—ã–π (–¥–æ 30 –¥–Ω–µ–π)","–ë–µ–∑–≤–∏–∑–æ–≤—ã–π (–¥–æ 30 –¥–Ω–µ–π)"
90,"–ö—É–≤–µ–π—Ç","–ë–µ–∑–≤–∏–∑–æ–≤—ã–π (–¥–æ 90 –¥–Ω–µ–π –≤ —Ç–µ—á–µ–Ω–∏–µ 180 –¥–Ω–µ–π)","–ë–µ–∑–≤–∏–∑–æ–≤—ã–π (–¥–æ 90 –¥–Ω–µ–π –≤ —Ç–µ—á–µ–Ω–∏–µ 180 –¥–Ω–µ–π)","–í–∏–∑–æ–≤—ã–π"
91,"–õ–∞–æ—Å","–ë–µ–∑–≤–∏–∑–æ–≤—ã–π (–¥–æ 30 –¥–Ω–µ–π)","–ë–µ–∑–≤–∏–∑–æ–≤—ã–π (–¥–æ 30 –¥–Ω–µ–π)","–ë–µ–∑–≤–∏–∑–æ–≤—ã–π (–¥–æ 30 –¥–Ω–µ–π)"
92,"–õ–∞—Ç–≤–∏—è","–ë–µ–∑–≤–∏–∑–æ–≤—ã–π (–¥–æ 90 –¥–Ω–µ–π –≤ —Ç–µ—á–µ–Ω–∏–µ 180 –¥–Ω–µ–π)","–í–∏–∑–æ–≤—ã–π","–í–∏–∑–æ–≤—ã–π"
93,"–õ–µ—Å–æ—Ç–æ","–í–∏–∑–æ–≤—ã–π","–í–∏–∑–æ–≤—ã–π","–í–∏–∑–æ–≤—ã–π"
94,"–õ–∏–±–µ—Ä–∏—è","–í–∏–∑–æ–≤—ã–π","–í–∏–∑–æ–≤—ã–π","–í–∏–∑–æ–≤—ã–π"
95,"–õ–∏–≤–∞–Ω","–í–∏–∑–æ–≤—ã–π","–í–∏–∑–æ–≤—ã–π","–í–∏–∑–æ–≤—ã–π"
96,"–õ–∏–≤–∏—è","–í–∏–∑–æ–≤—ã–π","–í–∏–∑–æ–≤—ã–π","–í–∏–∑–æ–≤—ã–π "
97,"–õ–∏—Ç–≤–∞","–ë–µ–∑–≤–∏–∑–æ–≤—ã–π (–¥–æ 90 –¥–Ω–µ–π –≤ —Ç–µ—á–µ–Ω–∏–µ 180 –¥–Ω–µ–π)","–í–∏–∑–æ–≤—ã–π","–í–∏–∑–æ–≤—ã–π"
98,"–õ–∏—Ö—Ç–µ–Ω—à—Ç–µ–π–Ω","–ë–µ–∑–≤–∏–∑–æ–≤—ã–π (–¥–æ 90 –¥–Ω–µ–π –≤ —Ç–µ—á–µ–Ω–∏–µ 180 –¥–Ω–µ–π)","–í–∏–∑–æ–≤—ã–π","–í–∏–∑–æ–≤—ã–π"
99,"–õ—é–∫—Å–µ–º–±—É—Ä–≥","–ë–µ–∑–≤–∏–∑–æ–≤—ã–π (–¥–æ 90 –¥–Ω–µ–π)","–í–∏–∑–æ–≤—ã–π","–í–∏–∑–æ–≤—ã–π"
100,"–ú–∞–≤—Ä–∏–∫–∏–π","–ë–µ–∑–≤–∏–∑–æ–≤—ã–π –¥–æ 60 –¥–Ω–µ–π (–Ω–µ –±–æ–ª–µ–µ 90 –¥–Ω–µ–π –≤ —Ç–µ—á–µ–Ω–∏–µ 180 –¥–Ω–µ–π)","–ë–µ–∑–≤–∏–∑–æ–≤—ã–π –¥–æ 60 –¥–Ω–µ–π (–Ω–µ –±–æ–ª–µ–µ 90 –¥–Ω–µ–π –≤ —Ç–µ—á–µ–Ω–∏–µ 180 –¥–Ω–µ–π)","–ë–µ–∑–≤–∏–∑–æ–≤—ã–π –¥–æ 60 –¥–Ω–µ–π (–Ω–µ –±–æ–ª–µ–µ 90 –¥–Ω–µ–π –≤ —Ç–µ—á–µ–Ω–∏–µ 180 –¥–Ω–µ–π)"
101,"–ú–∞–≤—Ä–∏—Ç–∞–Ω–∏—è","–í–∏–∑–æ–≤—ã–π","–í–∏–∑–æ–≤—ã–π","–í–∏–∑–æ–≤—ã–π"
102,"–ú–∞–¥–∞–≥–∞—Å–∫–∞—Ä","–í–∏–∑–æ–≤—ã–π","–í–∏–∑–æ–≤—ã–π","–í–∏–∑–æ–≤—ã–π"
103,"–ú–∞–∫–µ–¥–æ–Ω–∏—è","–ë–µ–∑–≤–∏–∑–æ–≤—ã–π (–¥–æ 90 –¥–Ω–µ–π)","–ë–µ–∑–≤–∏–∑–æ–≤—ã–π (–¥–æ 90 –¥–Ω–µ–π)","–ë–µ–∑–≤–∏–∑–æ–≤—ã–π (–¥–æ 90 –¥–Ω–µ–π)"
104,"–ú–∞–ª–∞–≤–∏","–í–∏–∑–æ–≤—ã–π","–í–∏–∑–æ–≤—ã–π","–í–∏–∑–æ–≤—ã–π"
105,"–ú–∞–ª–∞–π–∑–∏—è","–ë–µ–∑–≤–∏–∑–æ–≤—ã–π (–¥–æ 30 –¥–Ω–µ–π)","–ë–µ–∑–≤–∏–∑–æ–≤—ã–π (–¥–æ 30 –¥–Ω–µ–π)","–ë–µ–∑–≤–∏–∑–æ–≤—ã–π (–¥–æ 30 –¥–Ω–µ–π)"
106,"–ú–∞–ª–∏","–ë–µ–∑–≤–∏–∑–æ–≤—ã–π (–¥–æ 90 –¥–Ω–µ–π)","–ë–µ–∑–≤–∏–∑–æ–≤—ã–π (–¥–æ 90 –¥–Ω–µ–π)","–í–∏–∑–æ–≤—ã–π"
107,"–ú–∞–ª—å–¥–∏–≤—ã","–ë–µ–∑–≤–∏–∑–æ–≤—ã–π (–¥–æ 1 –º–µ—Å—è—Ü–∞)","–ë–µ–∑–≤–∏–∑–æ–≤—ã–π –¥–æ 1 –º–µ—Å—è—Ü–∞)","–ë–µ–∑–≤–∏–∑–æ–≤—ã–π (–¥–æ 1 –º–µ—Å—è—Ü–∞)"
108,"–ú–∞–ª—å—Ç–∞","–ë–µ–∑–≤–∏–∑–æ–≤—ã–π (–¥–æ 90 –¥–Ω–µ–π –≤ —Ç–µ—á–µ–Ω–∏–µ 180 –¥–Ω–µ–π)","–í–∏–∑–æ–≤—ã–π","–í–∏–∑–æ–≤—ã–π"
109,"–ú–∞—Ä–æ–∫–∫–æ","–ë–µ–∑–≤–∏–∑–æ–≤—ã–π (–¥–æ 90 –¥–Ω–µ–π)","–ë–µ–∑–≤–∏–∑–æ–≤—ã–π (–¥–æ 90 –¥–Ω–µ–π)","–ë–µ–∑–≤–∏–∑–æ–≤—ã–π (–¥–æ 90 –¥–Ω–µ–π)"
110,"–ú–µ–∫—Å–∏–∫–∞","–ë–µ–∑–≤–∏–∑–æ–≤—ã–π (–¥–æ 90 –¥–Ω–µ–π)","–ë–µ–∑–≤–∏–∑–æ–≤—ã–π (–¥–æ 90 –¥–Ω–µ–π)","–ë–µ–∑–≤–∏–∑–æ–≤—ã–π (–¥–æ 180 –¥–Ω–µ–π)"
111,"–§–µ–¥–µ—Ä–∞—Ç–∏–≤–Ω—ã–µ –®—Ç–∞—Ç—ã –ú–∏–∫—Ä–æ–Ω–µ–∑–∏–∏","–ë–µ–∑–≤–∏–∑–æ–≤—ã–π (–¥–æ 30 –¥–Ω–µ–π)","–ë–µ–∑–≤–∏–∑–æ–≤—ã–π (–¥–æ 30 –¥–Ω–µ–π)","–ë–µ–∑–≤–∏–∑–æ–≤—ã–π (–¥–æ 30 –¥–Ω–µ–π)"
112,"–ú–æ–∑–∞–º–±–∏–∫","–ë–µ–∑–≤–∏–∑–æ–≤—ã–π (–¥–æ 30 –¥–Ω–µ–π)","–ë–µ–∑–≤–∏–∑–æ–≤—ã–π (–¥–æ 30 –¥–Ω–µ–π)","–í–∏–∑–æ–≤—ã–π"
113,"–ú–æ–ª–¥–æ–≤–∞","–ë–µ–∑–≤–∏–∑–æ–≤—ã–π","–ë–µ–∑–≤–∏–∑–æ–≤—ã–π","–ë–µ–∑–≤–∏–∑–æ–≤—ã–π"
114,"–ú–æ–Ω–∞–∫–æ","–í–∏–∑–æ–≤—ã–π","–í–∏–∑–æ–≤—ã–π","–í–∏–∑–æ–≤—ã–π"
115,"–ú–æ–Ω–≥–æ–ª–∏—è","–ë–µ–∑–≤–∏–∑–æ–≤—ã–π –¥–æ 30 –¥–Ω–µ–π (–Ω–µ –±–æ–ª–µ–µ 90 –¥–Ω–µ–π –≤ —Ç–µ—á–µ–Ω–∏–µ 180 –¥–Ω–µ–π)","–ë–µ–∑–≤–∏–∑–æ–≤—ã–π –¥–æ 30 –¥–Ω–µ–π (–Ω–µ –±–æ–ª–µ–µ 90 –¥–Ω–µ–π –≤ —Ç–µ—á–µ–Ω–∏–µ 180 –¥–Ω–µ–π)","–ë–µ–∑–≤–∏–∑–æ–≤—ã–π –¥–æ 30 –¥–Ω–µ–π (–Ω–µ –±–æ–ª–µ–µ 90 –¥–Ω–µ–π –≤ —Ç–µ—á–µ–Ω–∏–µ 180 –¥–Ω–µ–π)"
116,"–ú—å—è–Ω–º–∞","–ë–µ–∑–≤–∏–∑–æ–≤—ã–π (–¥–æ 90 –¥–Ω–µ–π —Å –ø—Ä–∞–≤–æ–º –º–Ω–æ–≥–æ–∫—Ä–∞—Ç–Ω–æ–≥–æ –≤—ä–µ–∑–¥–∞ –∏ –≤—ã–µ–∑–¥–∞)","–ë–µ–∑–≤–∏–∑–æ–≤—ã–π (–¥–æ 90 –¥–Ω–µ–π —Å –ø—Ä–∞–≤–æ–º –º–Ω–æ–≥–æ–∫—Ä–∞—Ç–Ω–æ–≥–æ –≤—ä–µ–∑–¥–∞ –∏ –≤—ã–µ–∑–¥–∞)","–í–∏–∑–æ–≤—ã–π"
117,"–ù–∞–º–∏–±–∏—è","–ë–µ–∑–≤–∏–∑–æ–≤—ã–π (–¥–æ 90 –¥–Ω–µ–π)","–ë–µ–∑–≤–∏–∑–æ–≤—ã–π (–¥–æ 90 –¥–Ω–µ–π)","–ë–µ–∑–≤–∏–∑–æ–≤—ã–π (–¥–æ 90 –¥–Ω–µ–π)"
118,"–ù–∞—É—Ä—É","–ë–µ–∑–≤–∏–∑–æ–≤—ã–π (–¥–æ 14 –¥–Ω–µ–π)","–ë–µ–∑–≤–∏–∑–æ–≤—ã–π (–¥–æ 14 –¥–Ω–µ–π)","–ë–µ–∑–≤–∏–∑–æ–≤—ã–π (–¥–æ 14 –¥–Ω–µ–π)"
119,"–ù–µ–ø–∞–ª","–ë–µ–∑–≤–∏–∑–æ–≤—ã–π (–¥–æ 90 –¥–Ω–µ–π —Å –ø—Ä–∞–≤–æ–º –º–Ω–æ–≥–æ–∫—Ä–∞—Ç–Ω–æ–≥–æ –≤—ä–µ–∑–¥–∞ –∏ –≤—ã–µ–∑–¥–∞)","–ë–µ–∑–≤–∏–∑–æ–≤—ã–π (–¥–æ 90 –¥–Ω–µ–π —Å –ø—Ä–∞–≤–æ–º –º–Ω–æ–≥–æ–∫—Ä–∞—Ç–Ω–æ–≥–æ –≤—ä–µ–∑–¥–∞ –∏ –≤—ã–µ–∑–¥–∞)","–í–∏–∑–æ–≤—ã–π"
120,"–ù–∏–≥–µ—Ä","–í–∏–∑–æ–≤—ã–π","–í–∏–∑–æ–≤—ã–π","–í–∏–∑–æ–≤—ã–π"
121,"–ù–∏–≥–µ—Ä–∏—è","–í–∏–∑–æ–≤—ã–π","–í–∏–∑–æ–≤—ã–π","–í–∏–∑–æ–≤—ã–π"
122,"–ù–∏–¥–µ—Ä–ª–∞–Ω–¥—ã","–ë–µ–∑–≤–∏–∑–æ–≤—ã–π (–¥–æ 90 –¥–Ω–µ–π –≤ —Ç–µ—á–µ–Ω–∏–µ 180 –¥–Ω–µ–π)","–í–∏–∑–æ–≤—ã–π","–í–∏–∑–æ–≤—ã–π"
123,"–ù–∏–∫–∞—Ä–∞–≥—É–∞","–ë–µ–∑–≤–∏–∑–æ–≤—ã–π (–¥–æ 90 –¥–Ω–µ–π)","–ë–µ–∑–≤–∏–∑–æ–≤—ã–π (–¥–æ 90 –¥–Ω–µ–π)","–ë–µ–∑–≤–∏–∑–æ–≤—ã–π (–¥–æ 90 –¥–Ω–µ–π)"
124,"–ù–æ–≤–∞—è –ó–µ–ª–∞–Ω–¥–∏—è","–í–∏–∑–æ–≤—ã–π","–í–∏–∑–æ–≤—ã–π","–í–∏–∑–æ–≤—ã–π"
125,"–ù–æ—Ä–≤–µ–≥–∏—è","–ë–µ–∑–≤–∏–∑–æ–≤—ã–π (–¥–æ 90 –¥–Ω–µ–π –≤ —Ç–µ—á–µ–Ω–∏–µ 180 –¥–Ω–µ–π)","–í–∏–∑–æ–≤—ã–π","–í–∏–∑–æ–≤—ã–π"
126,"–û–ê–≠","–ë–µ–∑–≤–∏–∑–æ–≤—ã–π (–¥–æ 90 –¥–Ω–µ–π)","–í–∏–∑–æ–≤—ã–π","–í–∏–∑–æ–≤—ã–π"
127,"–û–º–∞–Ω","–ë–µ–∑–≤–∏–∑–æ–≤—ã–π (–¥–æ 90 –¥–Ω–µ–π)","–ë–µ–∑–≤–∏–∑–æ–≤—ã–π (–¥–æ 90 –¥–Ω–µ–π)","–í–∏–∑–æ–≤—ã–π"
128,"–ü–∞–∫–∏—Å—Ç–∞–Ω","–ë–µ–∑–≤–∏–∑–æ–≤—ã–π (–¥–æ 90 –¥–Ω–µ–π)","–ë–µ–∑–≤–∏–∑–æ–≤—ã–π (–¥–æ 90 –¥–Ω–µ–π)","–í–∏–∑–æ–≤—ã–π"
129,"–ü–∞–ª–∞—É","–í–∏–∑–æ–≤—ã–π","–í–∏–∑–æ–≤—ã–π","–í–∏–∑–æ–≤—ã–π"
130,"–ü–∞–ª–µ—Å—Ç–∏–Ω–∞","–í–∏–∑–æ–≤—ã–π","–í–∏–∑–æ–≤—ã–π","–í–∏–∑–æ–≤—ã–π"
131,"–ü–∞–Ω–∞–º–∞","–ë–µ–∑–≤–∏–∑–æ–≤—ã–π (–¥–æ 90 –¥–Ω–µ–π –≤ —Ç–µ—á–µ–Ω–∏–µ 180 –¥–Ω–µ–π)","–ë–µ–∑–≤–∏–∑–æ–≤—ã–π (–¥–æ 90 –¥–Ω–µ–π –≤ —Ç–µ—á–µ–Ω–∏–µ 180 –¥–Ω–µ–π)","–ë–µ–∑–≤–∏–∑–æ–≤—ã–π (–¥–æ 90 –¥–Ω–µ–π –≤ —Ç–µ—á–µ–Ω–∏–µ 180 –¥–Ω–µ–π)"
132,"–ü–∞–ø—É–∞-–ù–æ–≤–∞—è –ì–≤–∏–Ω–µ—è","–í–∏–∑–æ–≤—ã–π","–í–∏–∑–æ–≤—ã–π","–í–∏–∑–æ–≤—ã–π"
133,"–ü–∞—Ä–∞–≥–≤–∞–π","–ë–µ–∑–≤–∏–∑–æ–≤—ã–π (–¥–æ 90 –¥–Ω–µ–π –≤ —Ç–µ—á–µ–Ω–∏–∏ 180 –¥–Ω–µ–π)","–ë–µ–∑–≤–∏–∑–æ–≤—ã–π (–¥–æ 90 –¥–Ω–µ–π –≤ —Ç–µ—á–µ–Ω–∏–∏ 180 –¥–Ω–µ–π)","–ë–µ–∑–≤–∏–∑–æ–≤—ã–π (–¥–æ 90 –¥–Ω–µ–π –≤ —Ç–µ—á–µ–Ω–∏–∏ 180 –¥–Ω–µ–π)"
134,"–ü–µ—Ä—É","–ë–µ–∑–≤–∏–∑–æ–≤—ã–π (–¥–æ 90 –¥–Ω–µ–π –≤ —Ç–µ—á–µ–Ω–∏–∏ 180 –¥–Ω–µ–π)","–ë–µ–∑–≤–∏–∑–æ–≤—ã–π (–¥–æ 90 –¥–Ω–µ–π –≤ —Ç–µ—á–µ–Ω–∏–∏ 180 –¥–Ω–µ–π)","–ë–µ–∑–≤–∏–∑–æ–≤—ã–π (–¥–æ 90 –¥–Ω–µ–π –≤ —Ç–µ—á–µ–Ω–∏–∏ 180 –¥–Ω–µ–π)"
135,"–ü–æ–ª—å—à–∞","–ë–µ–∑–≤–∏–∑–æ–≤—ã–π (–¥–æ 90 –¥–Ω–µ–π –≤ —Ç–µ—á–µ–Ω–∏–µ 180 –¥–Ω–µ–π)","–í–∏–∑–æ–≤—ã–π","–í–∏–∑–æ–≤—ã–π"
136,"–ü–æ—Ä—Ç—É–≥–∞–ª–∏—è","–ë–µ–∑–≤–∏–∑–æ–≤—ã–π (–¥–æ 90 –¥–Ω–µ–π –≤ —Ç–µ—á–µ–Ω–∏–µ 180 –¥–Ω–µ–π)","–í–∏–∑–æ–≤—ã–π","–í–∏–∑–æ–≤—ã–π"
137,"–†—É–∞–Ω–¥–∞","–í–∏–∑–æ–≤—ã–π","–í–∏–∑–æ–≤—ã–π","–í–∏–∑–æ–≤—ã–π "
138,"–†—É–º—ã–Ω–∏—è","–ë–µ–∑–≤–∏–∑–æ–≤—ã–π (–¥–æ 90 –¥–Ω–µ–π –≤ —Ç–µ—á–µ–Ω–∏–µ 180 –¥–Ω–µ–π)","–ë–µ–∑–≤–∏–∑–æ–≤—ã–π (–¥–æ 90 –¥–Ω–µ–π –≤ —Ç–µ—á–µ–Ω–∏–µ 180 –¥–Ω–µ–π)","–í–∏–∑–æ–≤—ã–π"
139,"–°–∞–ª—å–≤–∞–¥–æ—Ä","–ë–µ–∑–≤–∏–∑–æ–≤—ã–π (–¥–æ 90 –¥–Ω–µ–π)","–ë–µ–∑–≤–∏–∑–æ–≤—ã–π (–¥–æ 90 –¥–Ω–µ–π)","–ë–µ–∑–≤–∏–∑–æ–≤—ã–π (–¥–æ 90 –¥–Ω–µ–π)"
140,"–°–∞–º–æ–∞","–ë–µ–∑–≤–∏–∑–æ–≤—ã–π (–¥–æ 60 –¥–Ω–µ–π)","–ë–µ–∑–≤–∏–∑–æ–≤—ã–π (–¥–æ 60 –¥–Ω–µ–π)","–ë–µ–∑–≤–∏–∑–æ–≤—ã–π (–¥–æ 60 –¥–Ω–µ–π)"
141,"–°–∞–Ω-–ú–∞—Ä–∏–Ω–æ","–í–∏–∑–æ–≤—ã–π","–í–∏–∑–æ–≤—ã–π","–í–∏–∑–æ–≤—ã–π"
142,"–°–∞–Ω-–¢–æ–º–µ –∏ –ü—Ä–∏–Ω—Å–∏–ø–∏","–í–∏–∑–æ–≤—ã–π","–í–∏–∑–æ–≤—ã–π","–í–∏–∑–æ–≤—ã–π"
143,"–°–∞—É–¥–æ–≤—Å–∫–∞—è –ê—Ä–∞–≤–∏—è","–í–∏–∑–æ–≤—ã–π","–í–∏–∑–æ–≤—ã–π","–í–∏–∑–æ–≤—ã–π"
144,"–°–≤–∞–∑–∏–ª–µ–Ω–¥","–ë–µ–∑–≤–∏–∑–æ–≤—ã–π (–¥–æ 30 –¥–Ω–µ–π)","–ë–µ–∑–≤–∏–∑–æ–≤—ã–π (–¥–æ 30 –¥–Ω–µ–π)","–ë–µ–∑–≤–∏–∑–æ–≤—ã–π (–¥–æ 30 –¥–Ω–µ–π)"
145,"–°–µ–π—à–µ–ª—å—Å–∫–∏–µ –û—Å—Ç—Ä–æ–≤–∞","–ë–µ–∑–≤–∏–∑–æ–≤—ã–π (–¥–æ 30 –¥–Ω–µ–π)","–ë–µ–∑–≤–∏–∑–æ–≤—ã–π (–¥–æ 30 –¥–Ω–µ–π)","–ë–µ–∑–≤–∏–∑–æ–≤—ã–π (–¥–æ 30 –¥–Ω–µ–π)"
146,"–°–µ–Ω–µ–≥–∞–ª","–ë–µ–∑–≤–∏–∑–æ–≤—ã–π (–¥–æ 90 –¥–Ω–µ–π)","–ë–µ–∑–≤–∏–∑–æ–≤—ã–π (–¥–æ 90 –¥–Ω–µ–π)","–í–∏–∑–æ–≤—ã–π"
147,"–°–µ–Ω—Ç-–í–∏–Ω—Å–µ–Ω—Ç –∏ –ì—Ä–µ–Ω–∞–¥–∏–Ω—ã","–ë–µ–∑–≤–∏–∑–æ–≤—ã–π (–¥–æ 30 –¥–Ω–µ–π)","–ë–µ–∑–≤–∏–∑–æ–≤—ã–π (–¥–æ 30 –¥–Ω–µ–π)","–ë–µ–∑–≤–∏–∑–æ–≤—ã–π (–¥–æ 30 –¥–Ω–µ–π)"
148,"–°–µ–Ω—Ç-–ö–∏—Ç—Å –∏ –ù–µ–≤–∏—Å","–ë–µ–∑–≤–∏–∑–æ–≤—ã–π (–¥–æ 90 –¥–Ω–µ–π –≤ —Ç–µ—á–µ–Ω–∏–∏ 180–¥–Ω–µ–π)","–ë–µ–∑–≤–∏–∑–æ–≤—ã–π (–¥–æ 90 –¥–Ω–µ–π –≤ —Ç–µ—á–µ–Ω–∏–∏ 180–¥–Ω–µ–π)","–ë–µ–∑–≤–∏–∑–æ–≤—ã–π (–¥–æ 90 –¥–Ω–µ–π –≤ —Ç–µ—á–µ–Ω–∏–∏ 180–¥–Ω–µ–π)"
149,"–°–µ–Ω—Ç-–õ—é—Å–∏—è","–ë–µ–∑–≤–∏–∑–æ–≤—ã–π","–ë–µ–∑–≤–∏–∑–æ–≤—ã–π","–ë–µ–∑–≤–∏–∑–æ–≤—ã–π"
150,"–°–µ—Ä–±–∏—è","–ë–µ–∑–≤–∏–∑–æ–≤—ã–π (–¥–æ 90 –¥–Ω–µ–π)","–ë–µ–∑–≤–∏–∑–æ–≤—ã–π (–¥–æ 90 –¥–Ω–µ–π)","–ë–µ–∑–≤–∏–∑–æ–≤—ã–π (–¥–æ 30 –¥–Ω–µ–π)"
151,"–°–∏–Ω–≥–∞–ø—É—Ä","–ë–µ–∑–≤–∏–∑–æ–≤—ã–π (–¥–æ 90 –¥–Ω–µ–π)","–ë–µ–∑–≤–∏–∑–æ–≤—ã–π (–¥–æ 90 –¥–Ω–µ–π)","–í–∏–∑–æ–≤—ã–π"
152,"–°–∏—Ä–∏—è","–ë–µ–∑–≤–∏–∑–æ–≤—ã–π (–¥–æ 90 –¥–Ω–µ–π)","–ë–µ–∑–≤–∏–∑–æ–≤—ã–π (–¥–æ 90 –¥–Ω–µ–π)","–í–∏–∑–æ–≤—ã–π"
153,"–°–ª–æ–≤–∞–∫–∏—è","–ë–µ–∑–≤–∏–∑–æ–≤—ã–π (–¥–æ 90 –¥–Ω–µ–π –≤ —Ç–µ—á–µ–Ω–∏–∏ 180 –¥–Ω–µ–π)","–ë–µ–∑–≤–∏–∑–æ–≤—ã–π (–¥–æ 90 –¥–Ω–µ–π –≤ —Ç–µ—á–µ–Ω–∏–∏ 180 –¥–Ω–µ–π)","–í–∏–∑–æ–≤—ã–π"
154,"–°–ª–æ–≤–µ–Ω–∏—è","–ë–µ–∑–≤–∏–∑–æ–≤—ã–π (–¥–æ 90 –¥–Ω–µ–π –≤ —Ç–µ—á–µ–Ω–∏–∏ 180 –¥–Ω–µ–π)","–í–∏–∑–æ–≤—ã–π","–í–∏–∑–æ–≤—ã–π"
155,"–°–æ–º–∞–ª–∏","–í–∏–∑–æ–≤—ã–π","–í–∏–∑–æ–≤—ã–π","–í–∏–∑–æ–≤—ã–π"
156,"–°—É–¥–∞–Ω","–í–∏–∑–æ–≤—ã–π","–í–∏–∑–æ–≤—ã–π","–í–∏–∑–æ–≤—ã–π"
157,"–°—É—Ä–∏–Ω–∞–º","–í–∏–∑–æ–≤—ã–π","–í–∏–∑–æ–≤—ã–π","–í–∏–∑–æ–≤—ã–π"
158,"–°–®–ê","–í–∏–∑–æ–≤—ã–π","–í–∏–∑–æ–≤—ã–π","–í–∏–∑–æ–≤—ã–π"
159,"–°—å–µ—Ä—Ä–∞-–õ–µ–æ–Ω–µ","–í–∏–∑–æ–≤—ã–π","–í–∏–∑–æ–≤—ã–π","–í–∏–∑–æ–≤—ã–π"
160,"–¢–∞–¥–∂–∏–∫–∏—Å—Ç–∞–Ω","–ë–µ–∑–≤–∏–∑–æ–≤—ã–π","–ë–µ–∑–≤–∏–∑–æ–≤—ã–π","–ë–µ–∑–≤–∏–∑–æ–≤—ã–π"
161,"–¢–∞–∏–ª–∞–Ω–¥","–ë–µ–∑–≤–∏–∑–æ–≤—ã–π (–¥–æ 90 –¥–Ω–µ–π)","–ë–µ–∑–≤–∏–∑–æ–≤—ã–π (–¥–æ 90 –¥–Ω–µ–π)","–ë–µ–∑–≤–∏–∑–æ–≤—ã–π (–¥–æ 30 –¥–Ω–µ–π)"
162,"–¢–∞–Ω–∑–∞–Ω–∏—è","–í–∏–∑–æ–≤—ã–π","–í–∏–∑–æ–≤—ã–π","–í–∏–∑–æ–≤—ã–π"
163,"–¢–æ–≥–æ","–í–∏–∑–æ–≤—ã–π","–í–∏–∑–æ–≤—ã–π","–í–∏–∑–æ–≤—ã–π"
164,"–¢–æ–Ω–≥–∞","–í–∏–∑–æ–≤—ã–π","–í–∏–∑–æ–≤—ã–π","–í–∏–∑–æ–≤—ã–π"
165,"–¢—Ä–∏–Ω–∏–¥–∞–¥ –∏ –¢–æ–±–∞–≥–æ","–ë–µ–∑–≤–∏–∑–æ–≤—ã–π (–¥–æ 90 –¥–Ω–µ–π)","–ë–µ–∑–≤–∏–∑–æ–≤—ã–π (–¥–æ 90 –¥–Ω–µ–π)","–ë–µ–∑–≤–∏–∑–æ–≤—ã–π (–¥–æ 90 –¥–Ω–µ–π)"
166,"–¢—É–≤–∞–ª—É","–í–∏–∑–æ–≤—ã–π","–í–∏–∑–æ–≤—ã–π","–í–∏–∑–æ–≤—ã–π"
167,"–¢—É–Ω–∏—Å","–ë–µ–∑–≤–∏–∑–æ–≤—ã–π (–¥–æ 90 –¥–Ω–µ–π)","–ë–µ–∑–≤–∏–∑–æ–≤—ã–π (–¥–æ 90 –¥–Ω–µ–π)","–ë–µ–∑–≤–∏–∑–æ–≤—ã–π (–¥–æ 90 –¥–Ω–µ–π)"
168,"–¢—É—Ä–∫–º–µ–Ω–∏—Å—Ç–∞–Ω","–ë–µ–∑–≤–∏–∑–æ–≤—ã–π (–¥–æ 30 –¥–Ω–µ–π) ","–ë–µ–∑–≤–∏–∑–æ–≤—ã–π (–¥–æ 30 –¥–Ω–µ–π)","–í–∏–∑–æ–≤—ã–π"
169,"–¢—É—Ä—Ü–∏—è","–ë–µ–∑–≤–∏–∑–æ–≤—ã–π (–¥–æ 90 –¥–Ω–µ–π)","–í–∏–∑–æ–≤—ã–π","–ë–µ–∑–≤–∏–∑–æ–≤—ã–π (–¥–æ 60 –¥–Ω–µ–π –≤ —Ç–µ—á–µ–Ω–∏–∏ 180 –¥–Ω–µ–π)"
170,"–£–≥–∞–Ω–¥–∞","–í–∏–∑–æ–≤—ã–π","–í–∏–∑–æ–≤—ã–π","–í–∏–∑–æ–≤—ã–π"
171,"–£–∑–±–µ–∫–∏—Å—Ç–∞–Ω","–ë–µ–∑–≤–∏–∑–æ–≤—ã–π","–ë–µ–∑–≤–∏–∑–æ–≤—ã–π","–ë–µ–∑–≤–∏–∑–æ–≤—ã–π"
172,"–£–∫—Ä–∞–∏–Ω–∞","–ë–µ–∑–≤–∏–∑–æ–≤—ã–π (–¥–æ 90 –¥–Ω–µ–π –≤ —Ç–µ—á–µ–Ω–∏–µ 180 –¥–Ω–µ–π)","–ë–µ–∑–≤–∏–∑–æ–≤—ã–π (–¥–æ 90 –¥–Ω–µ–π –≤ —Ç–µ—á–µ–Ω–∏–µ 180 –¥–Ω–µ–π)","–ë–µ–∑–≤–∏–∑–æ–≤—ã–π (–¥–æ 90 –¥–Ω–µ–π –≤ —Ç–µ—á–µ–Ω–∏–µ 180 –¥–Ω–µ–π)"
173,"–£—Ä—É–≥–≤–∞–π","–ë–µ–∑–≤–∏–∑–æ–≤—ã–π (–¥–æ 90 –¥–Ω–µ–π –≤ —Ç–µ—á–µ–Ω–∏–µ 180 –¥–Ω–µ–π)","–ë–µ–∑–≤–∏–∑–æ–≤—ã–π (–¥–æ 90 –¥–Ω–µ–π –≤ —Ç–µ—á–µ–Ω–∏–µ 180 –¥–Ω–µ–π)","–ë–µ–∑–≤–∏–∑–æ–≤—ã–π (–¥–æ 90 –¥–Ω–µ–π –≤ —Ç–µ—á–µ–Ω–∏–µ 180 –¥–Ω–µ–π)"
174,"–§–∏–¥–∂–∏","–ë–µ–∑–≤–∏–∑–æ–≤—ã–π (–¥–æ 90 –¥–Ω–µ–π)","–ë–µ–∑–≤–∏–∑–æ–≤—ã–π (–¥–æ 90 –¥–Ω–µ–π)","–ë–µ–∑–≤–∏–∑–æ–≤—ã–π (–¥–æ 90 –¥–Ω–µ–π)"
175,"–§–∏–ª–∏–ø–ø–∏–Ω—ã","–ë–µ–∑–≤–∏–∑–æ–≤—ã–π (–¥–æ 90 –¥–Ω–µ–π)","–ë–µ–∑–≤–∏–∑–æ–≤—ã–π (–¥–æ 90 –¥–Ω–µ–π)","–ë–µ–∑–≤–∏–∑–æ–≤—ã–π (–¥–æ 30 –¥–Ω–µ–π)"
176,"–§–∏–Ω–ª—è–Ω–¥–∏—è","–ë–µ–∑–≤–∏–∑–æ–≤—ã–π (–¥–æ 90 –¥–Ω–µ–π –≤ —Ç–µ—á–µ–Ω–∏–µ 180 –¥–Ω–µ–π)","–í–∏–∑–æ–≤—ã–π","–í–∏–∑–æ–≤—ã–π"
177,"–§—Ä–∞–Ω—Ü–∏—è","–ë–µ–∑–≤–∏–∑–æ–≤—ã–π (–¥–æ 90 –¥–Ω–µ–π –≤ —Ç–µ—á–µ–Ω–∏–µ 180 –¥–Ω–µ–π)","–í–∏–∑–æ–≤—ã–π","–í–∏–∑–æ–≤—ã–π"
178,"–•–æ—Ä–≤–∞—Ç–∏—è","–ë–µ–∑–≤–∏–∑–æ–≤—ã–π (–¥–æ 90 –¥–Ω–µ–π –≤ —Ç–µ—á–µ–Ω–∏–µ 6 –º–µ—Å—è—Ü–µ–≤)","–ë–µ–∑–≤–∏–∑–æ–≤—ã–π (–¥–æ 90 –¥–Ω–µ–π –≤ —Ç–µ—á–µ–Ω–∏–µ 6 –º–µ—Å—è—Ü–µ–≤)","–í–∏–∑–æ–≤—ã–π"
179,"–¶–ê–†","–í–∏–∑–æ–≤—ã–π","–í–∏–∑–æ–≤—ã–π","–í–∏–∑–æ–≤—ã–π"
180,"–ß–∞–¥","–í–∏–∑–æ–≤—ã–π","–í–∏–∑–æ–≤—ã–π","–í–∏–∑–æ–≤—ã–π"
181,"–ß–µ—Ä–Ω–æ–≥–æ—Ä–∏—è","–ë–µ–∑–≤–∏–∑–æ–≤—ã–π (–¥–æ 90 –¥–Ω–µ–π)","–ë–µ–∑–≤–∏–∑–æ–≤—ã–π (–¥–æ 90 –¥–Ω–µ–π)","–ë–µ–∑–≤–∏–∑–æ–≤—ã–π (–¥–æ 30 –¥–Ω–µ–π)"
182,"–ß–µ—Ö–∏—è","–ë–µ–∑–≤–∏–∑–æ–≤—ã–π (–¥–æ 90 –¥–Ω–µ–π –≤ —Ç–µ—á–µ–Ω–∏–µ 180 –¥–Ω–µ–π)","–í–∏–∑–æ–≤—ã–π","–í–∏–∑–æ–≤—ã–π"
183,"–ß–∏–ª–∏","–ë–µ–∑–≤–∏–∑–æ–≤—ã–π (–¥–æ 90 –¥–Ω–µ–π –≤ —Ç–µ—á–µ–Ω–∏–µ 180 –¥–Ω–µ–π)","–ë–µ–∑–≤–∏–∑–æ–≤—ã–π (–¥–æ 90 –¥–Ω–µ–π –≤ —Ç–µ—á–µ–Ω–∏–µ 180 –¥–Ω–µ–π)","–ë–µ–∑–≤–∏–∑–æ–≤—ã–π (–¥–æ 90 –¥–Ω–µ–π –≤ —Ç–µ—á–µ–Ω–∏–µ 180 –¥–Ω–µ–π)"
184,"–®–≤–µ–π—Ü–∞—Ä–∏—è","–ë–µ–∑–≤–∏–∑–æ–≤—ã–π (–¥–æ 90 –¥–Ω–µ–π –≤ —Ç–µ—á–µ–Ω–∏–µ 180 –¥–Ω–µ–π)","–í–∏–∑–æ–≤—ã–π","–í–∏–∑–æ–≤—ã–π"
185,"–®–≤–µ—Ü–∏—è","–ë–µ–∑–≤–∏–∑–æ–≤—ã–π (–¥–æ 90 –¥–Ω–µ–π –≤ —Ç–µ—á–µ–Ω–∏–µ 180 –¥–Ω–µ–π)","–í–∏–∑–æ–≤—ã–π","–í–∏–∑–æ–≤—ã–π"
186,"–®—Ä–∏-–õ–∞–Ω–∫–∞","–ë–µ–∑–≤–∏–∑–æ–≤—ã–π (–¥–æ 30 –¥–Ω–µ–π)","–ë–µ–∑–≤–∏–∑–æ–≤—ã–π (–¥–æ 30 –¥–Ω–µ–π)","–í–∏–∑–æ–≤—ã–π"
187,"–≠–∫–≤–∞–¥–æ—Ä","–ë–µ–∑–≤–∏–∑–æ–≤—ã–π (–¥–æ 90 –¥–Ω–µ–π –≤ —Ç–µ—á–µ–Ω–∏–µ 180 –¥–Ω–µ–π)","–ë–µ–∑–≤–∏–∑–æ–≤—ã–π (–¥–æ 90 –¥–Ω–µ–π –≤ —Ç–µ—á–µ–Ω–∏–µ 180 –¥–Ω–µ–π)","–ë–µ–∑–≤–∏–∑–æ–≤—ã–π (–¥–æ 90 –¥–Ω–µ–π –≤ —Ç–µ—á–µ–Ω–∏–µ 180 –¥–Ω–µ–π)"
188,"–≠–∫–≤–∞—Ç–æ—Ä–∏–∞–ª—å–Ω–∞—è –ì–≤–∏–Ω–µ—è","–í–∏–∑–æ–≤—ã–π","–í–∏–∑–æ–≤—ã–π","–í–∏–∑–æ–≤—ã–π"
189,"–≠—Ä–∏—Ç—Ä–µ—è","–í–∏–∑–æ–≤—ã–π","–í–∏–∑–æ–≤—ã–π","–í–∏–∑–æ–≤—ã–π"
190,"–≠—Å—Ç–æ–Ω–∏—è","–ë–µ–∑–≤–∏–∑–æ–≤—ã–π (–¥–æ 90 –¥–Ω–µ–π –≤ —Ç–µ—á–µ–Ω–∏–µ 180 –¥–Ω–µ–π)","–í–∏–∑–æ–≤—ã–π","–í–∏–∑–æ–≤—ã–π"
191,"–≠—Ñ–∏–æ–ø–∏—è","–ë–µ–∑–≤–∏–∑–æ–≤—ã–π (–¥–æ 90 –¥–Ω–µ–π)","–ë–µ–∑–≤–∏–∑–æ–≤—ã–π (–¥–æ 90 –¥–Ω–µ–π)","–í–∏–∑–æ–≤—ã–π "
192,"–Æ–ê–†","–ë–µ–∑–≤–∏–∑–æ–≤—ã–π (–¥–æ 90 –¥–Ω–µ–π)","–ë–µ–∑–≤–∏–∑–æ–≤—ã–π (–¥–æ 90 –¥–Ω–µ–π)","–ë–µ–∑–≤–∏–∑–æ–≤—ã–π (–¥–æ 90 –¥–Ω–µ–π)"
193,"–Æ–∂–Ω–∞—è –û—Å–µ—Ç–∏—è","–ë–µ–∑–≤–∏–∑–æ–≤—ã–π","–ë–µ–∑–≤–∏–∑–æ–≤—ã–π","–ë–µ–∑–≤–∏–∑–æ–≤—ã–π"
194,"–Æ–∂–Ω—ã–π –°—É–¥–∞–Ω","–í–∏–∑–æ–≤—ã–π","–í–∏–∑–æ–≤—ã–π","–í–∏–∑–æ–≤—ã–π"
195,"–Ø–º–∞–π–∫–∞","–ë–µ–∑–≤–∏–∑–æ–≤—ã–π (–¥–æ 90 –¥–Ω–µ–π)","–ë–µ–∑–≤–∏–∑–æ–≤—ã–π (–¥–æ 90 –¥–Ω–µ–π)","–ë–µ–∑–≤–∏–∑–æ–≤—ã–π (–¥–æ 30 –¥–Ω–µ–π)"
196,"–Ø–ø–æ–Ω–∏—è","–í–∏–∑–æ–≤—ã–π","–í–∏–∑–æ–≤—ã–π","–í–∏–∑–æ–≤—ã–π"